fold,accuracy,precision,recall,f1,tp,tn,fp,fn,roc_auc,total_samples
1,1.0,1.0,1.0,1.0,37,100,0,0,1.0,137
2,0.9781021897810219,0.925,1.0,0.961038961038961,37,97,3,0,1.0,137
3,0.9927007299270073,0.9736842105263158,1.0,0.9866666666666666,37,99,1,0,1.0,137
4,0.9854014598540146,0.9487179487179487,1.0,0.9736842105263158,37,98,2,0,1.0,137
5,1.0,1.0,1.0,1.0,37,100,0,0,1.0,137
