fold,accuracy,precision,recall,f1,tp,tn,fp,fn,roc_auc,total_samples
1,0.990909090909091,0.9090909090909091,1.0,0.9523809523809523,10,99,1,0,0.991,110
2,0.990909090909091,0.9090909090909091,1.0,0.9523809523809523,10,99,1,0,0.991,110
3,0.9818181818181818,0.8333333333333334,1.0,0.9090909090909091,10,98,2,0,0.993,110
4,0.9818181818181818,0.8333333333333334,1.0,0.9090909090909091,10,98,2,0,0.99,110
5,0.9818181818181818,0.8333333333333334,1.0,0.9090909090909091,10,98,2,0,0.982,110
