fold,accuracy,precision,recall,f1,tp,tn,fp,fn,roc_auc,total_samples
1,0.990909090909091,0.9090909090909091,1.0,0.9523809523809523,10,99,1,0,0.995,110
2,0.990909090909091,0.9090909090909091,1.0,0.9523809523809523,10,99,1,0,1.0,110
3,0.9818181818181818,0.8333333333333334,1.0,0.9090909090909091,10,98,2,0,1.0,110
4,0.9636363636363636,0.7142857142857143,1.0,0.8333333333333333,10,96,4,0,1.0,110
5,1.0,1.0,1.0,1.0,10,100,0,0,1.0,110
