fold,accuracy,precision,recall,f1,tp,tn,fp,fn,roc_auc,total_samples
1,0.74,0.6578947368421053,1.0,0.7936507936507937,200,96,104,0,0.9473250000000001,400
2,0.705,0.6289308176100629,1.0,0.7722007722007722,200,82,118,0,0.9199999999999999,400
3,0.7575,0.6734006734006734,1.0,0.8048289738430584,200,103,97,0,0.9099999999999999,400
4,0.695,0.6211180124223602,1.0,0.7662835249042146,200,78,122,0,0.9275,400
5,0.7275,0.6472491909385113,1.0,0.7858546168958743,200,91,109,0,0.9275,400
