name,filename,decision_score
star23/newstart,,-0.19140251045354933
mkiani/gpt2-system,,-0.38082385619525977
wn3/gpt2,,-0.22329406380393974
