fold,accuracy,precision,recall,f1,tp,tn,fp,fn,roc_auc,total_samples
1,0.9818181818181818,0.9,0.9,0.9,9,99,1,1,0.9,110
2,1.0,1.0,1.0,1.0,10,100,0,0,1.0,110
3,0.990909090909091,0.9090909090909091,1.0,0.9523809523809523,10,99,1,0,0.998,110
4,0.990909090909091,0.9090909090909091,1.0,0.9523809523809523,10,99,1,0,0.99,110
5,0.9272727272727272,1.0,0.2,0.33333333333333337,2,100,0,8,0.19999999999999996,110
