fold,accuracy,precision,recall,f1,tp,tn,fp,fn,roc_auc,total_samples
1,0.995,0.9900990099009901,1.0,0.9950248756218906,200,198,2,0,0.99805,400
2,1.0,1.0,1.0,1.0,200,200,0,0,1.0,400
3,0.9975,0.9950248756218906,1.0,0.9975062344139651,200,199,1,0,0.9961875,400
4,0.995,0.9900990099009901,1.0,0.9950248756218906,200,198,2,0,0.997475,400
5,0.995,0.9900990099009901,1.0,0.9950248756218906,200,198,2,0,0.9937125,400
