fold,accuracy,precision,recall,f1,tp,tn,fp,fn,roc_auc,total_samples
1,0.9868421052631579,0.9856801909307876,0.9880382775119617,0.986857825567503,413,412,6,5,0.988925390902223,836
2,0.9090909090909091,0.9646739130434783,0.8492822966507177,0.9033078880407126,355,405,13,63,0.9559848675625559,836
3,0.9904306220095693,0.9927884615384616,0.9880382775119617,0.9904076738609113,413,415,3,5,0.9886220553558756,836
4,0.9832535885167464,0.9786729857819905,0.9880382775119617,0.9833333333333333,413,409,9,5,0.9890856436436896,836
5,0.9868421052631579,0.9856801909307876,0.9880382775119617,0.986857825567503,413,412,6,5,0.9881012339461094,836
