name,filename,decision_score
star23/newstart,,-0.017401734119180653
mkiani/gpt2-system,,-0.017424674166202192
wn3/gpt2,,-0.017424674166202192
