fold,accuracy,precision,recall,f1,tp,tn,fp,fn,roc_auc,total_samples
1,0.985,0.970873786407767,1.0,0.9852216748768473,200,194,6,0,1.0,400
2,0.98,0.9615384615384616,1.0,0.9803921568627451,200,192,8,0,0.9916750000000001,400
3,0.985,0.970873786407767,1.0,0.9852216748768473,200,194,6,0,0.9964000000000002,400
4,0.9775,0.9569377990430622,1.0,0.9779951100244498,200,191,9,0,0.9964000000000002,400
5,0.9875,0.975609756097561,1.0,0.9876543209876543,200,195,5,0,1.0,400
