fold,accuracy,precision,recall,f1,tp,tn,fp,fn,roc_auc,total_samples
1,0.975,0.975,0.975,0.975,195,195,5,5,0.988325,400
2,0.975,0.975,0.975,0.975,195,195,5,5,0.987275,400
3,0.9725,0.9701492537313433,0.975,0.972568578553616,195,194,6,5,0.9825375000000001,400
4,0.975,0.975,0.975,0.975,195,195,5,5,0.98705,400
5,0.9825,0.9898477157360406,0.975,0.982367758186398,195,198,2,5,0.986525,400
