fold,accuracy,precision,recall,f1,tp,tn,fp,fn,roc_auc,total_samples
1,1.0,1.0,1.0,1.0,10,100,0,0,1.0,110
2,0.9727272727272728,0.7692307692307693,1.0,0.8695652173913044,10,97,3,0,0.99,110
3,1.0,1.0,1.0,1.0,10,100,0,0,1.0,110
4,1.0,1.0,1.0,1.0,10,100,0,0,1.0,110
5,1.0,1.0,1.0,1.0,10,100,0,0,1.0,110
