fold,accuracy,precision,recall,f1,tp,tn,fp,fn,roc_auc,total_samples
1,0.9454545454545454,0.6428571428571429,0.9,0.75,9,95,5,1,0.9670000000000001,110
2,0.9363636363636364,0.6,0.9,0.7200000000000001,9,94,6,1,0.9585,110
3,0.8727272727272727,0.4090909090909091,0.9,0.5625000000000001,9,87,13,1,0.9525,110
4,0.9,0.47368421052631576,0.9,0.6206896551724138,9,90,10,1,0.9605,110
5,0.9090909090909091,0.5,0.9,0.6428571428571429,9,91,9,1,0.9675,110
