fold,accuracy,precision,recall,f1,tp,tn,fp,fn,roc_auc,total_samples
1,0.990909090909091,0.9090909090909091,1.0,0.9523809523809523,10,99,1,0,0.99,110
2,0.9818181818181818,0.9,0.9,0.9,9,99,1,1,0.99,110
3,0.9727272727272728,0.8181818181818182,0.9,0.8571428571428572,9,98,2,1,0.977,110
4,0.9636363636363636,0.75,0.9,0.8181818181818182,9,97,3,1,0.9859999999999999,110
5,0.9727272727272728,0.8181818181818182,0.9,0.8571428571428572,9,98,2,1,0.98,110
