fold,accuracy,precision,recall,f1,tp,tn,fp,fn,roc_auc,total_samples
1,1.0,1.0,1.0,1.0,10,100,0,0,1.0,110
2,0.990909090909091,0.9090909090909091,1.0,0.9523809523809523,10,99,1,0,0.995,110
3,1.0,1.0,1.0,1.0,10,100,0,0,1.0,110
4,1.0,1.0,1.0,1.0,10,100,0,0,1.0,110
5,1.0,1.0,1.0,1.0,10,100,0,0,1.0,110
