fold,accuracy,precision,recall,f1,tp,fn,total_samples
1,0.7,1.0,0.7,0.8235294117647058,14,6,20
2,0.8,1.0,0.8,0.888888888888889,16,4,20
3,0.85,1.0,0.85,0.9189189189189189,17,3,20
4,0.8,1.0,0.8,0.888888888888889,16,4,20
5,0.8,1.0,0.8,0.888888888888889,16,4,20
