fold,accuracy,precision,recall,f1,tp,fn,total_samples
1,0.625,1.0,0.625,0.7692307692307693,10,6,16
2,0.8125,1.0,0.8125,0.896551724137931,13,3,16
3,0.8125,1.0,0.8125,0.896551724137931,13,3,16
4,0.6875,1.0,0.6875,0.8148148148148148,11,5,16
5,0.875,1.0,0.875,0.9333333333333333,14,2,16
