fold,accuracy,precision,recall,f1,tp,tn,fp,fn,roc_auc,total_samples
1,0.9566666666666667,0.9308176100628931,0.9866666666666667,0.9579288025889968,296,278,22,4,0.9943111111111111,600
2,0.925,0.8805970149253731,0.9833333333333333,0.9291338582677166,295,260,40,5,0.9839,600
3,0.9516666666666667,0.9143730886850153,0.9966666666666667,0.9537480063795853,299,272,28,1,0.9979444444444444,600
4,0.93,0.9134615384615384,0.95,0.9313725490196078,285,273,27,15,0.9745777777777777,600
5,0.9633333333333334,0.9426751592356688,0.9866666666666667,0.9641693811074918,296,282,18,4,0.9947222222222222,600
