fold,accuracy,precision,recall,f1,tp,tn,fp,fn,roc_auc,total_samples
1,1.0,1.0,1.0,1.0,37,100,0,0,1.0,137
2,1.0,1.0,1.0,1.0,37,100,0,0,1.0,137
3,0.9927007299270073,0.9736842105263158,1.0,0.9866666666666666,37,99,1,0,0.9994594594594595,137
4,0.9927007299270073,1.0,0.972972972972973,0.9863013698630138,36,100,0,1,1.0,137
5,1.0,1.0,1.0,1.0,37,100,0,0,1.0,137
