fold,accuracy,precision,recall,f1,tp,tn,fp,fn,roc_auc,total_samples
1,0.875,0.987012987012987,0.76,0.8587570621468925,152,198,2,48,0.880575,400
2,0.875,0.987012987012987,0.76,0.8587570621468925,152,198,2,48,0.8838499999999999,400
3,0.8725,0.9806451612903225,0.76,0.8563380281690139,152,197,3,48,0.8701249999999999,400
4,0.8775,0.9934640522875817,0.76,0.8611898016997167,152,199,1,48,0.879775,400
5,0.875,0.987012987012987,0.76,0.8587570621468925,152,198,2,48,0.8657,400
