batch,download_wall,analysis_wall,classification_wall,upload_wall,download_cpu,analysis_cpu,classification_cpu,upload_cpu,batch_size
1,2247.3673219680786,1014.032125711441,0.4502553939819336,2.384185791015625e-07,260.023077,27.21043100000003,0.2849139999999579,0.2849239999999327,23
2,1073.8954813480377,337.8752610683441,0.42577314376831055,2.384185791015625e-07,228.35472200000004,5.522633000000042,0.28497600000002876,0.28499200000010205,11
3,2545.3267776966095,488.26436614990234,0.4768550395965576,2.384185791015625e-07,286.812271,14.407666000000063,0.2990660000000389,0.2990819999999985,27
4,1264.3052196502686,423.5991234779358,0.42139196395874023,2.384185791015625e-07,227.97831700000006,10.841546999999991,0.28814199999987977,0.2881569999999556,21
5,2748.5194778442383,551.4538803100586,0.4665954113006592,2.384185791015625e-07,251.27522899999985,16.611292999999932,0.29392600000005586,0.2939440000000104,31
6,1464.0839657783508,576.7129902839661,0.4936830997467041,2.384185791015625e-07,325.288554,15.905858999999964,0.32400200000029145,0.32401800000025105,30
7,2086.604792356491,528.3756318092346,0.4342334270477295,2.384185791015625e-07,327.0104759999999,15.318463999999949,0.2984189999999671,0.29843400000004294,29
8,684.7680466175079,509.7114737033844,0.4184565544128418,4.76837158203125e-07,222.69710799999984,13.994157000000087,0.29492100000015853,0.29493600000023434,27
9,852.8170845508575,452.085636138916,0.4398682117462158,4.76837158203125e-07,278.71512299999995,10.997952000000168,0.3102690000000621,0.31038500000022395,20
