fold,accuracy,precision,recall,f1,tp,tn,fp,fn,roc_auc,total_samples
1,0.9983333333333333,0.9966777408637874,1.0,0.9983361064891847,300,299,1,0,1.0,600
2,0.9933333333333333,0.9868421052631579,1.0,0.9933774834437086,300,296,4,0,1.0,600
3,0.995,0.9900990099009901,1.0,0.9950248756218906,300,297,3,0,1.0,600
4,0.9866666666666667,0.974025974025974,1.0,0.9868421052631579,300,292,8,0,0.9951222222222221,600
5,0.9916666666666667,0.9836065573770492,1.0,0.9917355371900827,300,295,5,0,1.0,600
