fold,accuracy,precision,recall,f1,tp,tn,fp,fn,roc_auc,total_samples
1,0.985,0.9754901960784313,0.995,0.9851485148514851,199,195,5,1,0.9942125,400
2,0.9675,0.9560975609756097,0.98,0.9679012345679012,196,191,9,4,0.988975,400
3,0.9725,0.9846153846153847,0.96,0.9721518987341772,192,197,3,8,0.9934499999999999,400
4,0.9625,0.9842931937172775,0.94,0.9616368286445013,188,197,3,12,0.9888250000000001,400
5,0.955,0.9690721649484536,0.94,0.9543147208121826,188,194,6,12,0.9855499999999999,400
