fold,accuracy,precision,recall,f1,tp,tn,fp,fn,roc_auc,total_samples
1,1.0,1.0,1.0,1.0,10,100,0,0,1.0,110
2,0.9636363636363636,1.0,0.6,0.7499999999999999,6,100,0,4,0.9,110
3,1.0,1.0,1.0,1.0,10,100,0,0,1.0,110
4,1.0,1.0,1.0,1.0,10,100,0,0,1.0,110
5,0.9818181818181818,1.0,0.8,0.888888888888889,8,100,0,2,0.9,110
