fold,accuracy,precision,recall,f1,tp,tn,fp,fn,roc_auc,total_samples
1,0.990909090909091,1.0,0.9,0.9473684210526316,9,100,0,1,0.9,110
2,1.0,1.0,1.0,1.0,10,100,0,0,1.0,110
3,1.0,1.0,1.0,1.0,10,100,0,0,1.0,110
4,0.990909090909091,1.0,0.9,0.9473684210526316,9,100,0,1,0.994,110
5,0.9818181818181818,1.0,0.8,0.888888888888889,8,100,0,2,0.8320000000000001,110
