fold,accuracy,precision,recall,f1,tp,tn,fp,fn,roc_auc,total_samples
1,0.995,0.9900990099009901,1.0,0.9950248756218906,200,198,2,0,1.0,400
2,0.995,0.9900990099009901,1.0,0.9950248756218906,200,198,2,0,1.0,400
3,0.995,0.9900990099009901,1.0,0.9950248756218906,200,198,2,0,0.9972625,400
4,0.9925,0.9852216748768473,1.0,0.9925558312655086,200,197,3,0,1.0,400
5,0.995,0.9900990099009901,1.0,0.9950248756218906,200,198,2,0,0.99995,400
