fold,accuracy,precision,recall,f1,tp,fn,total_samples
1,0.7,1.0,0.7,0.8235294117647058,14,6,20
2,0.8,1.0,0.8,0.888888888888889,16,4,20
3,0.75,1.0,0.75,0.8571428571428571,15,5,20
4,0.65,1.0,0.65,0.787878787878788,13,7,20
5,0.9,1.0,0.9,0.9473684210526316,18,2,20
