fold,accuracy,precision,recall,f1,tp,tn,fp,fn,roc_auc,total_samples
1,0.96,0.9259259259259259,1.0,0.9615384615384615,200,184,16,0,0.96055,400
2,0.9525,0.91324200913242,1.0,0.954653937947494,200,181,19,0,0.942075,400
3,0.9425,0.8968609865470852,1.0,0.9456264775413712,200,177,23,0,0.924375,400
4,0.9525,0.91324200913242,1.0,0.954653937947494,200,181,19,0,0.93715,400
5,0.955,0.9174311926605505,1.0,0.9569377990430622,200,182,18,0,0.9408750000000001,400
