fold,accuracy,precision,recall,f1,tp,tn,fp,fn,roc_auc,total_samples
1,0.9882352941176471,0.9090909090909091,1.0,0.9523809523809523,10,74,1,0,1.0,85
2,0.9764705882352941,0.8333333333333334,1.0,0.9090909090909091,10,73,2,0,1.0,85
3,1.0,1.0,1.0,1.0,10,75,0,0,1.0,85
4,1.0,1.0,1.0,1.0,10,75,0,0,1.0,85
5,1.0,1.0,1.0,1.0,10,75,0,0,1.0,85
