fold,accuracy,precision,recall,f1,tp,tn,fp,fn,roc_auc,total_samples
1,0.8816666666666667,0.9673469387755103,0.79,0.8697247706422019,237,292,8,63,0.9184333333333333,600
2,0.855,0.914396887159533,0.7833333333333333,0.8438061041292639,235,278,22,65,0.864511111111111,600
3,0.8716666666666667,0.9442231075697212,0.79,0.8602540834845736,237,286,14,63,0.9234777777777778,600
4,0.8683333333333333,0.9367588932806324,0.79,0.8571428571428572,237,284,16,63,0.9192333333333332,600
5,0.8716666666666667,0.9442231075697212,0.79,0.8602540834845736,237,286,14,63,0.9107222222222222,600
