fold,accuracy,precision,recall,f1,tp,tn,fp,fn,total_samples
1,0.13043478260869565,0.24390243902439024,1.0,0.39215686274509803,30,107,93,0,230
2,0.13043478260869565,0.23622047244094488,1.0,0.38216560509554137,30,103,97,0,230
3,0.13043478260869565,0.23076923076923078,1.0,0.375,30,100,100,0,230
4,0.13043478260869565,0.2459016393442623,1.0,0.3947368421052631,30,108,92,0,230
5,0.13043478260869565,0.26548672566371684,1.0,0.41958041958041964,30,117,83,0,230
