fold,accuracy,precision,recall,f1,tp,fn,total_samples
1,0.8,1.0,0.8,0.888888888888889,24,6,30
2,0.8666666666666667,1.0,0.8666666666666667,0.9285714285714286,26,4,30
3,0.8333333333333334,1.0,0.8333333333333334,0.9090909090909091,25,5,30
4,0.8333333333333334,1.0,0.8333333333333334,0.9090909090909091,25,5,30
5,0.8666666666666667,1.0,0.8666666666666667,0.9285714285714286,26,4,30
