fold,accuracy,precision,recall,f1,tp,tn,fp,fn,roc_auc,total_samples
1,0.975,0.9523809523809523,1.0,0.975609756097561,300,285,15,0,0.9983333333333333,600
2,0.975,0.9523809523809523,1.0,0.975609756097561,300,285,15,0,1.0,600
3,0.975,0.9523809523809523,1.0,0.975609756097561,300,285,15,0,1.0,600
4,0.9833333333333333,0.967741935483871,1.0,0.9836065573770492,300,290,10,0,0.995,600
5,0.98,0.9615384615384616,1.0,0.9803921568627451,300,288,12,0,0.9983333333333333,600
