fold,accuracy,precision,recall,f1,tp,tn,fp,fn,roc_auc,total_samples
1,0.9818181818181818,1.0,0.8,0.888888888888889,8,100,0,2,1.0,110
2,0.990909090909091,0.9090909090909091,1.0,0.9523809523809523,10,99,1,0,1.0,110
3,0.990909090909091,1.0,0.9,0.9473684210526316,9,100,0,1,0.9,110
4,1.0,1.0,1.0,1.0,10,100,0,0,1.0,110
5,0.9818181818181818,0.9,0.9,0.9,9,99,1,1,0.902,110
