fold,accuracy,precision,recall,f1,tp,tn,fp,fn,roc_auc,total_samples
1,0.835,0.8850574712643678,0.77,0.823529411764706,154,180,20,46,0.9168999999999999,400
2,0.8475,0.9112426035502958,0.77,0.8346883468834688,154,185,15,46,0.9080250000000001,400
3,0.8375,0.8648648648648649,0.8,0.8311688311688312,160,175,25,40,0.8390625,400
4,0.835,0.8764044943820225,0.78,0.8253968253968254,156,178,22,44,0.915775,400
5,0.8225,0.8685714285714285,0.76,0.8106666666666666,152,177,23,48,0.86375,400
