fold,accuracy,precision,recall,f1,tp,tn,fp,fn,roc_auc,total_samples
1,0.5,0.5,1.0,0.6666666666666666,200,0,200,0,0.5,400
2,0.5,0.5,1.0,0.6666666666666666,200,0,200,0,0.5,400
3,0.5,0.5,1.0,0.6666666666666666,200,0,200,0,0.5,400
4,0.5,0.5,1.0,0.6666666666666666,200,0,200,0,0.5,400
5,0.5,0.5,1.0,0.6666666666666666,200,0,200,0,0.5,400
