fold,accuracy,precision,recall,f1,tp,tn,fp,fn,roc_auc,total_samples
1,0.87,0.9252873563218391,0.805,0.8609625668449198,161,187,13,39,0.9231875,400
2,0.8575,0.903954802259887,0.8,0.8488063660477454,160,183,17,40,0.90095,400
3,0.8525,0.9221556886227545,0.77,0.8392370572207086,154,187,13,46,0.9120874999999999,400
4,0.8725,0.935672514619883,0.8,0.8625336927223719,160,189,11,40,0.909975,400
5,0.875,0.9411764705882353,0.8,0.8648648648648648,160,190,10,40,0.901375,400
