fold,accuracy,precision,recall,f1,tp,tn,fp,fn,roc_auc,total_samples
1,0.9825,0.9849246231155779,0.98,0.9824561403508771,196,197,3,4,0.98475,400
2,0.97,0.9607843137254902,0.98,0.9702970297029702,196,192,8,4,0.9837,400
3,0.98,0.98,0.98,0.98,196,196,4,4,0.98375,400
4,0.985,0.98989898989899,0.98,0.9849246231155778,196,198,2,4,0.9854,400
5,0.9825,0.9849246231155779,0.98,0.9824561403508771,196,197,3,4,0.985075,400
