fold,accuracy,precision,recall,f1,tp,tn,fp,fn,roc_auc,total_samples
1,0.9727272727272728,0.8181818181818182,0.9,0.8571428571428572,9,98,2,1,0.974,110
2,0.990909090909091,1.0,0.9,0.9473684210526316,9,100,0,1,0.962,110
3,0.9818181818181818,0.9,0.9,0.9,9,99,1,1,0.97,110
4,0.9727272727272728,0.8888888888888888,0.8,0.8421052631578948,8,99,1,2,0.9760000000000001,110
5,0.9727272727272728,0.8181818181818182,0.9,0.8571428571428572,9,98,2,1,0.9420000000000001,110
