fold,accuracy,precision,recall,f1,tp,tn,fp,fn,roc_auc,total_samples
1,0.9818181818181818,0.8333333333333334,1.0,0.9090909090909091,10,98,2,0,0.989,110
2,0.9818181818181818,0.9,0.9,0.9,9,99,1,1,0.986,110
3,0.9727272727272728,0.8181818181818182,0.9,0.8571428571428572,9,98,2,1,0.9869999999999999,110
4,0.9727272727272728,0.7692307692307693,1.0,0.8695652173913044,10,97,3,0,0.977,110
5,0.9818181818181818,0.8333333333333334,1.0,0.9090909090909091,10,98,2,0,0.98,110
