fold,accuracy,precision,recall,f1,tp,tn,fp,fn,roc_auc,total_samples
1,0.995,0.9900990099009901,1.0,0.9950248756218906,300,297,3,0,1.0,600
2,0.9966666666666667,0.9933774834437086,1.0,0.9966777408637874,300,298,2,0,0.9999999999999999,600
3,0.9983333333333333,0.9966777408637874,1.0,0.9983361064891847,300,299,1,0,1.0,600
4,0.9883333333333333,0.9771986970684039,1.0,0.9884678747940692,300,293,7,0,1.0,600
5,0.9966666666666667,0.9933774834437086,1.0,0.9966777408637874,300,298,2,0,0.9999999999999999,600
