fold,accuracy,precision,recall,f1,tp,tn,fp,fn,roc_auc,total_samples
1,0.76,0.90625,0.58,0.7073170731707317,116,188,12,84,0.9462750000000001,400
2,0.92,0.8925233644859814,0.955,0.9227053140096618,191,177,23,9,0.9498500000000001,400
3,0.8825,0.900523560209424,0.86,0.8797953964194374,172,181,19,28,0.9454,400
4,0.88,0.9086021505376344,0.845,0.8756476683937824,169,183,17,31,0.9388,400
5,0.6725,0.8108108108108109,0.45,0.5787781350482315,90,179,21,110,0.9005,400
