fold,accuracy,precision,recall,f1,tp,tn,fp,fn,roc_auc,total_samples
1,0.985,0.970873786407767,1.0,0.9852216748768473,200,194,6,0,0.9962,400
2,0.99,0.9803921568627451,1.0,0.99009900990099,200,196,4,0,1.0,400
3,0.99,0.9803921568627451,1.0,0.99009900990099,200,196,4,0,0.9972750000000001,400
4,0.9875,0.975609756097561,1.0,0.9876543209876543,200,195,5,0,1.0,400
5,0.9875,0.975609756097561,1.0,0.9876543209876543,200,195,5,0,1.0,400
