fold,accuracy,precision,recall,f1,tp,tn,fp,fn,total_samples
1,1.0,1.0,1.0,1.0,30,30,0,0,60
2,0.9833333333333333,0.967741935483871,1.0,0.9836065573770492,30,29,1,0,60
3,1.0,1.0,1.0,1.0,30,30,0,0,60
4,0.9833333333333333,1.0,0.9666666666666667,0.983050847457627,29,30,0,1,60
5,0.9833333333333333,0.967741935483871,1.0,0.9836065573770492,30,29,1,0,60
