fold,accuracy,precision,recall,f1,tp,tn,fp,fn,roc_auc,total_samples
1,1.0,1.0,1.0,1.0,10,50,0,0,1.0,60
2,0.9833333333333333,0.9090909090909091,1.0,0.9523809523809523,10,49,1,0,1.0,60
3,0.9833333333333333,0.9090909090909091,1.0,0.9523809523809523,10,49,1,0,1.0,60
4,1.0,1.0,1.0,1.0,10,50,0,0,1.0,60
5,0.9833333333333333,0.9090909090909091,1.0,0.9523809523809523,10,49,1,0,1.0,60
