fold,accuracy,precision,recall,f1,tp,tn,fp,fn,roc_auc,total_samples
1,0.9727272727272728,0.7692307692307693,1.0,0.8695652173913044,10,97,3,0,0.991,110
2,0.9818181818181818,0.8333333333333334,1.0,0.9090909090909091,10,98,2,0,0.998,110
3,0.9545454545454546,0.6666666666666666,1.0,0.8,10,95,5,0,0.988,110
4,0.9545454545454546,0.6666666666666666,1.0,0.8,10,95,5,0,0.979,110
5,0.9818181818181818,0.8333333333333334,1.0,0.9090909090909091,10,98,2,0,0.998,110
