fold,accuracy,precision,recall,f1,tp,tn,fp,fn,roc_auc,total_samples
1,0.9525,0.9547738693467337,0.95,0.9523809523809523,190,191,9,10,0.9895,400
2,0.965,0.9744897959183674,0.955,0.9646464646464646,191,195,5,9,0.9875499999999998,400
3,0.9375,0.9353233830845771,0.94,0.9376558603491272,188,187,13,12,0.9765750000000002,400
4,0.9525,0.9502487562189055,0.955,0.9526184538653366,191,190,10,9,0.987375,400
5,0.955,0.9642857142857143,0.945,0.9545454545454546,189,193,7,11,0.9877250000000001,400
