fold,accuracy,precision,recall,f1,tp,tn,fp,fn,roc_auc,total_samples
1,0.9483333333333334,0.9063444108761329,1.0,0.9508716323296355,300,269,31,0,0.9880499999999999,600
2,0.8633333333333333,0.7868421052631579,0.9966666666666667,0.8794117647058824,299,219,81,1,0.9445611111111113,600
3,0.8816666666666667,0.8102981029810298,0.9966666666666667,0.8938714499252616,299,230,70,1,0.9576222222222223,600
4,0.8616666666666667,0.8888888888888888,0.8266666666666667,0.8566493955094991,248,269,31,52,0.9564777777777778,600
5,0.885,0.8347826086956521,0.96,0.8930232558139534,288,243,57,12,0.9599500000000001,600
