fold,accuracy,precision,recall,f1,tp,tn,fp,fn,roc_auc,total_samples
1,0.7925,0.7067137809187279,1.0,0.8281573498964803,200,117,83,0,0.9975,400
2,0.785,0.6993006993006993,1.0,0.823045267489712,200,114,86,0,0.991625,400
3,0.735,0.6535947712418301,1.0,0.790513833992095,200,94,106,0,0.988875,400
4,0.765,0.6802721088435374,1.0,0.8097165991902835,200,106,94,0,0.9858375,400
5,0.74,0.6578947368421053,1.0,0.7936507936507937,200,96,104,0,0.98335,400
