fold,accuracy,precision,recall,f1,tp,tn,fp,fn,roc_auc,total_samples
1,0.86,0.9390243902439024,0.77,0.8461538461538461,77,95,5,23,0.8777999999999999,200
2,0.87,0.9625,0.77,0.8555555555555556,77,97,3,23,0.8692000000000001,200
3,0.85,0.9166666666666666,0.77,0.8369565217391305,77,93,7,23,0.8715999999999999,200
4,0.865,0.9506172839506173,0.77,0.850828729281768,77,96,4,23,0.8815999999999999,200
5,0.875,0.9746835443037974,0.77,0.8603351955307262,77,98,2,23,0.8728,200
