fold,accuracy,precision,recall,f1,tp,tn,fp,fn,roc_auc,total_samples
1,0.9725,0.9478672985781991,1.0,0.9732360097323601,200,189,11,0,0.998,400
2,0.9575,0.9552238805970149,0.96,0.9576059850374063,192,191,9,8,0.9805124999999999,400
3,0.9925,0.9852216748768473,1.0,0.9925558312655086,200,197,3,0,0.9998499999999999,400
4,0.9925,0.9852216748768473,1.0,0.9925558312655086,200,197,3,0,0.999825,400
5,0.98,0.9615384615384616,1.0,0.9803921568627451,200,192,8,0,0.99915,400
