fold,accuracy,precision,recall,f1,tp,tn,fp,fn,roc_auc,total_samples
1,0.88,1.0,0.76,0.8636363636363636,152,200,0,48,0.88,400
2,0.5,0.5,1.0,0.6666666666666666,200,0,200,0,0.88,400
3,0.88,1.0,0.76,0.8636363636363636,152,200,0,48,0.88,400
4,0.88,1.0,0.76,0.8636363636363636,152,200,0,48,0.88,400
5,0.88,1.0,0.76,0.8636363636363636,152,200,0,48,0.88,400
