fold,accuracy,precision,recall,f1,tp,tn,fp,fn,roc_auc,total_samples
1,0.985,0.970873786407767,1.0,0.9852216748768473,300,291,9,0,0.9927555555555556,600
2,0.9866666666666667,0.974025974025974,1.0,0.9868421052631579,300,292,8,0,1.0,600
3,0.9983333333333333,0.9966777408637874,1.0,0.9983361064891847,300,299,1,0,1.0,600
4,0.9933333333333333,0.9868421052631579,1.0,0.9933774834437086,300,296,4,0,1.0,600
5,0.9966666666666667,0.9933774834437086,1.0,0.9966777408637874,300,298,2,0,0.9974111111111111,600
