fold,accuracy,precision,recall,f1,tp,tn,fp,fn,roc_auc,total_samples
1,0.985,0.970873786407767,1.0,0.9852216748768473,100,97,3,0,0.9995,200
2,0.965,0.9603960396039604,0.97,0.9651741293532338,97,96,4,3,0.9903,200
3,0.97,0.97,0.97,0.97,97,97,3,3,0.9918,200
4,0.98,0.9897959183673469,0.97,0.9797979797979798,97,99,1,3,0.9895,200
5,0.97,0.97,0.97,0.97,97,97,3,3,0.9911000000000001,200
