name,filename,decision_score
star23/newstart,,-6.665586897932681
mkiani/gpt2-system,,-7.803126599115239
wn3/gpt2,,-6.422906047371084
