fold,accuracy,precision,recall,f1,tp,fn,total_samples
1,0.85,1.0,0.85,0.9189189189189189,34,6,40
2,0.9,1.0,0.9,0.9473684210526316,36,4,40
3,0.9,1.0,0.9,0.9473684210526316,36,4,40
4,0.925,1.0,0.925,0.961038961038961,37,3,40
5,0.925,1.0,0.925,0.961038961038961,37,3,40
