fold,accuracy,precision,recall,f1,tp,fn,total_samples
1,0.975,1.0,0.975,0.9873417721518987,39,1,40
2,0.975,1.0,0.975,0.9873417721518987,39,1,40
3,1.0,1.0,1.0,1.0,40,0,40
4,0.975,1.0,0.975,0.9873417721518987,39,1,40
5,1.0,1.0,1.0,1.0,40,0,40
