fold,accuracy,precision,recall,f1,tp,fn,total_samples
1,1.0,1.0,1.0,1.0,30,0,30
2,0.1,1.0,0.1,0.18181818181818182,3,27,30
3,0.13333333333333333,1.0,0.13333333333333333,0.23529411764705882,4,26,30
4,0.13333333333333333,1.0,0.13333333333333333,0.23529411764705882,4,26,30
5,0.13333333333333333,1.0,0.13333333333333333,0.23529411764705882,4,26,30
