fold,accuracy,precision,recall,f1,tp,tn,fp,fn,roc_auc,total_samples
1,0.945,0.9494949494949495,0.94,0.9447236180904524,188,190,10,12,0.9902249999999999,400
2,0.965,0.9894736842105263,0.94,0.964102564102564,188,198,2,12,0.9912,400
3,0.945,0.9494949494949495,0.94,0.9447236180904524,188,190,10,12,0.9818999999999999,400
4,0.9475,0.9543147208121827,0.94,0.947103274559194,188,191,9,12,0.9876,400
5,0.9475,0.9735449735449735,0.92,0.9460154241645244,184,195,5,16,0.989375,400
