fold,accuracy,precision,recall,f1,tp,tn,fp,fn,roc_auc,total_samples
1,0.72,0.8384615384615385,0.545,0.6606060606060606,109,179,21,91,0.88635,400
2,0.825,0.8735632183908046,0.76,0.8128342245989306,152,178,22,48,0.924825,400
3,0.8075,0.863905325443787,0.73,0.7913279132791328,146,177,23,54,0.8866999999999999,400
4,0.8325,0.9182389937106918,0.73,0.8133704735376044,146,187,13,54,0.93795,400
5,0.83,0.8707865168539326,0.775,0.8201058201058201,155,177,23,45,0.9298500000000001,400
