fold,accuracy,precision,recall,f1,tp,tn,fp,fn,roc_auc,total_samples
1,0.9775,0.9569377990430622,1.0,0.9779951100244498,200,191,9,0,0.998,400
2,0.9575,0.9552238805970149,0.96,0.9576059850374063,192,191,9,8,0.9819625000000001,400
3,0.9975,0.9950248756218906,1.0,0.9975062344139651,200,199,1,0,1.0,400
4,0.9925,0.9852216748768473,1.0,0.9925558312655086,200,197,3,0,0.99975,400
5,0.985,0.970873786407767,1.0,0.9852216748768473,200,194,6,0,0.99965,400
