fold,accuracy,precision,recall,f1,tp,tn,fp,fn,roc_auc,total_samples
1,0.985,0.9833887043189369,0.9866666666666667,0.9850249584026622,296,295,5,4,0.9932833333333333,600
2,0.9816666666666667,0.976897689768977,0.9866666666666667,0.9817578772802654,296,293,7,4,0.9947,600
3,0.9866666666666667,0.9866666666666667,0.9866666666666667,0.9866666666666668,296,296,4,4,0.9952888888888889,600
4,0.9783333333333334,0.9704918032786886,0.9866666666666667,0.9785123966942149,296,291,9,4,0.9933055555555557,600
5,0.9916666666666667,0.9966329966329966,0.9866666666666667,0.9916247906197655,296,299,1,4,0.9952333333333334,600
