fold,accuracy,precision,recall,f1,tp,tn,fp,fn,roc_auc,total_samples
1,0.985,0.970873786407767,1.0,0.9852216748768473,200,194,6,0,0.9964625,400
2,0.995,0.9900990099009901,1.0,0.9950248756218906,200,198,2,0,1.0,400
3,0.9925,0.9852216748768473,1.0,0.9925558312655086,200,197,3,0,0.9974625,400
4,0.99,0.9803921568627451,1.0,0.99009900990099,200,196,4,0,1.0,400
5,0.9925,0.9852216748768473,1.0,0.9925558312655086,200,197,3,0,1.0,400
