fold,accuracy,precision,recall,f1,tp,tn,fp,fn,roc_auc,total_samples
1,0.97,0.9653465346534653,0.975,0.9701492537313433,195,193,7,5,0.9829,400
2,0.9775,0.9798994974874372,0.975,0.9774436090225564,195,196,4,5,0.9858,400
3,0.975,0.975,0.975,0.975,195,195,5,5,0.9850000000000001,400
4,0.985,0.9948979591836735,0.975,0.984848484848485,195,199,1,5,0.98765,400
5,0.9925,0.9852216748768473,1.0,0.9925558312655086,200,197,3,0,0.9968375,400
