fold,accuracy,precision,recall,f1,tp,tn,fp,fn,roc_auc,total_samples
1,1.0,1.0,1.0,1.0,100,100,0,0,1.0,200
2,0.985,0.970873786407767,1.0,0.9852216748768473,100,97,3,0,1.0,200
3,0.995,0.9900990099009901,1.0,0.9950248756218906,100,99,1,0,0.9993,200
4,0.995,0.9900990099009901,1.0,0.9950248756218906,100,99,1,0,1.0,200
5,0.995,0.9900990099009901,1.0,0.9950248756218906,100,99,1,0,1.0,200
