fold,accuracy,precision,recall,f1,tp,tn,fp,fn,roc_auc,total_samples
1,0.9272727272727272,1.0,0.2,0.33333333333333337,2,100,0,8,0.6,110
2,0.9,0.0,0.0,0.0,0,99,1,10,0.495,110
3,0.9272727272727272,1.0,0.2,0.33333333333333337,2,100,0,8,0.6,110
4,0.9181818181818182,0.6666666666666666,0.2,0.30769230769230765,2,99,1,8,0.594,110
5,0.9272727272727272,1.0,0.2,0.33333333333333337,2,100,0,8,0.6,110
