fold,accuracy,precision,recall,f1,tp,fn,total_samples
1,0.94,1.0,0.94,0.9690721649484536,94,6,100
2,0.87,1.0,0.87,0.9304812834224598,87,13,100
3,0.97,1.0,0.97,0.9847715736040609,97,3,100
4,0.92,1.0,0.92,0.9583333333333334,92,8,100
5,0.92,1.0,0.92,0.9583333333333334,92,8,100
