fold,accuracy,precision,recall,f1,tp,tn,fp,fn,roc_auc,total_samples
1,0.8475,0.9212121212121213,0.76,0.8328767123287671,152,187,13,48,0.891725,400
2,0.855,0.9382716049382716,0.76,0.8397790055248618,152,190,10,48,0.8790749999999999,400
3,0.8525,0.9325153374233128,0.76,0.8374655647382919,152,189,11,48,0.87555,400
4,0.86,0.95,0.76,0.8444444444444444,152,192,8,48,0.8889250000000001,400
5,0.865,0.95625,0.765,0.8500000000000001,153,193,7,47,0.90625,400
