fold,accuracy,precision,recall,f1,tp,tn,fp,fn,roc_auc,total_samples
1,1.0,1.0,1.0,1.0,10,100,0,0,1.0,110
2,0.990909090909091,1.0,0.9,0.9473684210526316,9,100,0,1,1.0,110
3,1.0,1.0,1.0,1.0,10,100,0,0,1.0,110
4,1.0,1.0,1.0,1.0,10,100,0,0,1.0,110
5,1.0,1.0,1.0,1.0,10,100,0,0,1.0,110
