fold,accuracy,precision,recall,f1,tp,tn,fp,fn,roc_auc,total_samples
1,0.87,0.9252873563218391,0.805,0.8609625668449198,161,187,13,39,0.9233375000000001,400
2,0.86,0.9090909090909091,0.8,0.8510638297872342,160,184,16,40,0.9201,400
3,0.8525,0.9171597633136095,0.775,0.8401084010840109,155,186,14,45,0.9050750000000001,400
4,0.87,0.9302325581395349,0.8,0.8602150537634408,160,188,12,40,0.8941250000000001,400
5,0.875,0.9518072289156626,0.79,0.8633879781420766,158,192,8,42,0.9028625,400
