fold,accuracy,precision,recall,f1,tp,tn,fp,fn,roc_auc,total_samples
1,0.91,0.9183673469387755,0.9,0.9090909090909091,180,184,16,20,0.9587749999999999,400
2,0.9175,0.9033816425120773,0.935,0.9189189189189189,187,180,20,13,0.9708750000000002,400
3,0.8975,0.9206349206349206,0.87,0.8946015424164524,174,185,15,26,0.9745,400
4,0.92,0.9077669902912622,0.935,0.9211822660098523,187,181,19,13,0.9757499999999999,400
5,0.905,0.9132653061224489,0.895,0.9040404040404041,179,183,17,21,0.971525,400
