fold,accuracy,precision,recall,f1,tp,tn,fp,fn,roc_auc,total_samples
1,0.9275,0.9170731707317074,0.94,0.9283950617283951,188,183,17,12,0.973125,400
2,0.9375,0.9146919431279621,0.965,0.9391727493917275,193,182,18,7,0.98415,400
3,0.93,0.9257425742574258,0.935,0.9303482587064678,187,185,15,13,0.9746,400
4,0.9475,0.9162790697674419,0.985,0.9493975903614459,197,182,18,3,0.993425,400
5,0.9275,0.9170731707317074,0.94,0.9283950617283951,188,183,17,12,0.9812000000000001,400
