fold,accuracy,precision,recall,f1,tp,tn,fp,fn,roc_auc,total_samples
1,0.9714285714285714,0.625,1.0,0.7692307692307693,10,194,6,0,0.9975,210
2,0.9904761904761905,0.8333333333333334,1.0,0.9090909090909091,10,198,2,0,1.0,210
3,0.9857142857142858,0.7692307692307693,1.0,0.8695652173913044,10,197,3,0,0.9975,210
4,0.9809523809523809,0.7142857142857143,1.0,0.8333333333333333,10,196,4,0,1.0,210
5,0.9857142857142858,0.7692307692307693,1.0,0.8695652173913044,10,197,3,0,1.0,210
