fold,accuracy,precision,recall,f1,tp,tn,fp,fn,roc_auc,total_samples
1,1.0,1.0,1.0,1.0,10,30,0,0,1.0,40
2,1.0,1.0,1.0,1.0,10,30,0,0,1.0,40
3,0.925,0.7692307692307693,1.0,0.8695652173913044,10,27,3,0,1.0,40
4,1.0,1.0,1.0,1.0,10,30,0,0,1.0,40
5,1.0,1.0,1.0,1.0,10,30,0,0,1.0,40
