fold,accuracy,precision,recall,f1,tp,tn,fp,fn,roc_auc,total_samples
1,0.995,0.9900990099009901,1.0,0.9950248756218906,300,297,3,0,0.9999999999999999,600
2,0.99,0.9803921568627451,1.0,0.99009900990099,300,294,6,0,1.0,600
3,0.9916666666666667,0.9836065573770492,1.0,0.9917355371900827,300,295,5,0,1.0,600
4,0.9866666666666667,0.974025974025974,1.0,0.9868421052631579,300,292,8,0,0.9947333333333332,600
5,0.985,0.970873786407767,1.0,0.9852216748768473,300,291,9,0,1.0,600
