fold,accuracy,precision,recall,f1,tp,tn,fp,fn,total_samples
1,0.991304347826087,0.9375,1.0,0.967741935483871,30,198,2,0,230
2,0.9826086956521739,0.8823529411764706,1.0,0.9375,30,196,4,0,230
3,0.991304347826087,0.9375,1.0,0.967741935483871,30,198,2,0,230
4,0.991304347826087,0.9375,1.0,0.967741935483871,30,198,2,0,230
5,0.9956521739130435,0.967741935483871,1.0,0.9836065573770492,30,199,1,0,230
