fold,accuracy,precision,recall,f1,tp,tn,fp,fn,roc_auc,total_samples
1,0.985,0.970873786407767,1.0,0.9852216748768473,200,194,6,0,0.9956749999999999,400
2,0.96,0.9259259259259259,1.0,0.9615384615384615,200,184,16,0,0.9996249999999999,400
3,0.96,0.9259259259259259,1.0,0.9615384615384615,200,184,16,0,0.9964,400
4,0.9675,0.9389671361502347,1.0,0.9685230024213075,200,187,13,0,0.987475,400
5,0.9625,0.9302325581395349,1.0,0.963855421686747,200,185,15,0,0.9836750000000001,400
