fold,accuracy,precision,recall,f1,tp,tn,fp,fn,roc_auc,total_samples
1,1.0,1.0,1.0,1.0,10,15,0,0,1.0,25
2,0.96,0.9090909090909091,1.0,0.9523809523809523,10,14,1,0,1.0,25
3,0.96,0.9090909090909091,1.0,0.9523809523809523,10,14,1,0,1.0,25
4,1.0,1.0,1.0,1.0,10,15,0,0,1.0,25
5,1.0,1.0,1.0,1.0,10,15,0,0,1.0,25
