fold,accuracy,precision,recall,f1,tp,tn,fp,fn,roc_auc,total_samples
1,0.92,0.9285714285714286,0.91,0.9191919191919193,182,186,14,18,0.96215,400
2,0.9075,0.8975609756097561,0.92,0.908641975308642,184,179,21,16,0.9690749999999999,400
3,0.905,0.8857142857142857,0.93,0.9073170731707316,186,176,24,14,0.9690500000000001,400
4,0.8875,0.8934010152284264,0.88,0.8866498740554157,176,179,21,24,0.962,400
5,0.9425,0.9359605911330049,0.95,0.9429280397022333,190,187,13,10,0.9815,400
