fold,accuracy,precision,recall,f1,tp,tn,fp,fn,roc_auc,total_samples
1,0.7727272727272727,0.2857142857142857,1.0,0.4444444444444445,10,75,25,0,1.0,110
2,0.9272727272727272,0.5625,0.9,0.6923076923076923,9,93,7,1,0.9,110
3,1.0,1.0,1.0,1.0,10,100,0,0,1.0,110
4,1.0,1.0,1.0,1.0,10,100,0,0,1.0,110
5,0.6909090909090909,0.21428571428571427,0.9,0.3461538461538461,9,67,33,1,0.9,110
