fold,accuracy,precision,recall,f1,tp,tn,fp,fn,roc_auc,total_samples
1,0.7975,0.7767441860465116,0.835,0.8048192771084337,167,152,48,33,0.8946625,400
2,0.8825,0.8097165991902834,1.0,0.8948545861297539,200,153,47,0,0.961225,400
3,0.88,0.8064516129032258,1.0,0.8928571428571428,200,152,48,0,0.9446749999999999,400
4,0.9075,0.8438818565400844,1.0,0.9153318077803204,200,163,37,0,0.9623250000000001,400
5,0.8925,0.823045267489712,1.0,0.9029345372460497,200,157,43,0,0.95535,400
