fold,accuracy,precision,recall,f1,tp,tn,fp,fn,roc_auc,total_samples
1,0.9363636363636364,0.5882352941176471,1.0,0.7407407407407407,10,93,7,0,0.998,110
2,0.9727272727272728,0.7692307692307693,1.0,0.8695652173913044,10,97,3,0,0.989,110
3,0.9,0.47619047619047616,1.0,0.6451612903225806,10,89,11,0,0.959,110
4,0.9363636363636364,0.5882352941176471,1.0,0.7407407407407407,10,93,7,0,0.989,110
5,0.9272727272727272,0.5555555555555556,1.0,0.7142857142857143,10,92,8,0,0.964,110
