fold,accuracy,precision,recall,f1,tp,tn,fp,fn,roc_auc,total_samples
1,0.8975,0.8298755186721992,1.0,0.9070294784580498,200,159,41,0,0.96605,400
2,0.865,0.8476190476190476,0.89,0.8682926829268293,178,168,32,22,0.9672499999999999,400
3,0.875,0.8348214285714286,0.935,0.8820754716981133,187,163,37,13,0.9617249999999999,400
4,0.885,0.8468468468468469,0.94,0.8909952606635071,188,166,34,12,0.965,400
5,0.89,0.819672131147541,1.0,0.9009009009009009,200,156,44,0,0.9683999999999999,400
