fold,accuracy,precision,recall,f1,tp,tn,fp,fn,roc_auc,total_samples
1,0.9818181818181818,0.8333333333333334,1.0,0.9090909090909091,10,98,2,0,1.0,110
2,1.0,1.0,1.0,1.0,10,100,0,0,1.0,110
3,0.9818181818181818,0.8333333333333334,1.0,0.9090909090909091,10,98,2,0,1.0,110
4,0.9454545454545454,0.6666666666666666,0.8,0.7272727272727272,8,96,4,2,0.974,110
5,0.9818181818181818,0.8333333333333334,1.0,0.9090909090909091,10,98,2,0,1.0,110
