fold,accuracy,precision,recall,f1,tp,tn,fp,fn,roc_auc,total_samples
1,0.9575,0.9597989949748744,0.955,0.9573934837092732,191,192,8,9,0.9900125,400
2,0.965,0.9744897959183674,0.955,0.9646464646464646,191,195,5,9,0.9920499999999999,400
3,0.9525,0.9502487562189055,0.955,0.9526184538653366,191,190,10,9,0.9827250000000001,400
4,0.9725,0.9609756097560975,0.985,0.9728395061728395,197,192,8,3,0.9942625,400
5,0.9525,0.9502487562189055,0.955,0.9526184538653366,191,190,10,9,0.9867499999999999,400
