fold,accuracy,precision,recall,f1,tp,tn,fp,fn,roc_auc,total_samples
1,0.89,0.9534883720930233,0.82,0.8817204301075269,82,96,4,18,0.9543499999999999,200
2,0.885,0.9425287356321839,0.82,0.877005347593583,82,95,5,18,0.9138000000000002,200
3,0.875,0.9213483146067416,0.82,0.8677248677248677,82,93,7,18,0.9283,200
4,0.895,0.9647058823529412,0.82,0.8864864864864864,82,97,3,18,0.9069,200
5,0.88,0.9318181818181818,0.82,0.8723404255319149,82,94,6,18,0.8975,200
