fold,accuracy,precision,recall,f1,tp,tn,fp,fn,roc_auc,total_samples
1,0.9766666666666667,0.9965277777777778,0.9566666666666667,0.9761904761904762,287,299,1,13,0.9566666666666667,600
2,0.9816666666666667,1.0,0.9633333333333334,0.9813242784380306,289,300,0,11,0.9633333333333334,600
3,0.98,0.996551724137931,0.9633333333333334,0.9796610169491525,289,299,1,11,0.9633333333333334,600
4,0.92,0.9921875,0.8466666666666667,0.9136690647482014,254,298,2,46,0.8873333333333333,600
5,0.9783333333333334,0.993127147766323,0.9633333333333334,0.9780033840947546,289,298,2,11,0.9633333333333334,600
