fold,accuracy,precision,recall,f1,tp,tn,fp,fn,roc_auc,total_samples
1,0.8975,0.9441340782122905,0.845,0.8918205804749341,169,190,10,31,0.9571749999999999,400
2,0.6825,0.8288288288288288,0.46,0.5916398713826366,92,181,19,108,0.8649000000000001,400
3,0.6225,0.7474747474747475,0.37,0.49498327759197325,74,175,25,126,0.848125,400
4,0.71,0.8559322033898306,0.505,0.6352201257861635,101,183,17,99,0.8879499999999999,400
5,0.7525,0.8854961832061069,0.58,0.7009063444108761,116,185,15,84,0.92685,400
