fold,accuracy,precision,recall,f1,tp,tn,fp,fn,roc_auc,total_samples
1,0.9873737373737373,0.9753694581280788,1.0,0.9875311720698255,198,193,5,0,0.9970028568513416,396
2,0.9343434343434344,0.967391304347826,0.898989898989899,0.9319371727748692,178,192,6,20,0.96757983879196,396
3,0.9949494949494949,0.99,1.0,0.9949748743718593,198,196,2,0,1.0,396
4,0.9949494949494949,0.99,1.0,0.9949748743718593,198,196,2,0,1.0,396
5,0.9974747474747475,0.9949748743718593,1.0,0.9974811083123425,198,197,1,0,1.0,396
