fold,accuracy,precision,recall,f1,tp,tn,fp,fn,roc_auc,total_samples
1,0.97,0.9433962264150944,1.0,0.970873786407767,200,188,12,0,0.9975,400
2,0.955,0.9174311926605505,1.0,0.9569377990430622,200,182,18,0,0.9919749999999999,400
3,0.975,0.9523809523809523,1.0,0.975609756097561,200,190,10,0,0.98695,400
4,0.9625,0.9302325581395349,1.0,0.963855421686747,200,185,15,0,0.9884249999999999,400
5,0.95,0.9090909090909091,1.0,0.9523809523809523,200,180,20,0,0.9843,400
