fold,accuracy,precision,recall,f1,tp,tn,fp,fn,roc_auc,total_samples
1,0.75,0.9032258064516129,0.56,0.691358024691358,112,188,12,88,0.8865,400
2,0.8175,0.8757396449704142,0.74,0.8021680216802167,148,179,21,52,0.910225,400
3,0.7525,0.8389261744966443,0.625,0.7163323782234957,125,176,24,75,0.8583500000000001,400
4,0.82,0.8902439024390244,0.73,0.8021978021978022,146,182,18,54,0.922775,400
5,0.82,0.9050632911392406,0.715,0.7988826815642459,143,185,15,57,0.922975,400
