fold,accuracy,precision,recall,f1,tp,tn,fp,fn,roc_auc,total_samples
1,1.0,1.0,1.0,1.0,10,100,0,0,1.0,110
2,0.990909090909091,0.9090909090909091,1.0,0.9523809523809523,10,99,1,0,0.999,110
3,0.9818181818181818,0.8333333333333334,1.0,0.9090909090909091,10,98,2,0,0.998,110
4,0.990909090909091,0.9090909090909091,1.0,0.9523809523809523,10,99,1,0,1.0,110
5,1.0,1.0,1.0,1.0,10,100,0,0,1.0,110
